Accession,Length,Pred,Score
vOTU_1,952902,temperate,0.9954696893692017
vOTU_4,548929,virulent,0.6828909516334534
vOTU_5,458740,virulent,0.9997900128364563
vOTU_7,256699,virulent,0.9998587965965271
vOTU_8,256683,virulent,0.999849259853363
vOTU_9,243827,virulent,0.9997336864471436
vOTU_11,242129,virulent,0.9998626708984375
vOTU_12,235772,virulent,0.9998617172241211
vOTU_13,224139,virulent,0.9998488426208496
vOTU_17,168128,virulent,0.9998640418052673
vOTU_18,168128,virulent,0.9998645186424255
vOTU_19,167698,virulent,0.9998617172241211
vOTU_21,150694,virulent,0.9998508095741272
vOTU_22,146151,temperate,0.9996796250343323
vOTU_24,144533,temperate,0.995940625667572
vOTU_25,142625,virulent,0.9979312419891357
vOTU_26,141939,virulent,0.9998421669006348
vOTU_30,137323,virulent,0.9998655915260315
vOTU_31,136120,virulent,0.9998631477355957
vOTU_32,135873,virulent,0.9998631477355957
vOTU_35,132182,virulent,0.9998626708984375
vOTU_37,129984,virulent,0.9994536638259888
vOTU_41,124303,virulent,0.9998597502708435
vOTU_42,123846,temperate,0.9998569488525391
vOTU_43,123074,virulent,0.9957252740859985
vOTU_45,119458,virulent,0.9736948609352112
vOTU_50,111671,virulent,0.9998683929443359
vOTU_53,109717,virulent,0.9995166659355164
vOTU_54,109225,virulent,0.9998608231544495
vOTU_55,107381,virulent,0.9998587965965271
vOTU_56,106552,temperate,0.9998154044151306
vOTU_57,105121,temperate,0.999667227268219
vOTU_59,103521,virulent,0.9998512864112854
vOTU_61,102232,temperate,0.9986512064933777
vOTU_62,100887,virulent,0.9998660683631897
vOTU_64,100182,temperate,0.9727715849876404
vOTU_65,98969,virulent,0.9998617172241211
vOTU_68,97406,virulent,0.9998651146888733
vOTU_69,96479,virulent,0.9998636245727539
vOTU_71,94668,temperate,0.9998221397399902
vOTU_72,93882,virulent,0.9959415793418884
vOTU_73,93847,virulent,0.9987490177154541
vOTU_75,92734,virulent,0.9998617172241211
vOTU_79,88945,virulent,0.9998209476470947
vOTU_80,87763,virulent,0.8580673933029175
vOTU_86,82856,virulent,0.9998683929443359
vOTU_87,82680,virulent,0.8531852960586548
vOTU_91,81405,temperate,0.9774292707443237
vOTU_92,81136,virulent,0.9887411594390869
vOTU_94,79650,temperate,0.639829695224762
vOTU_96,79371,temperate,0.9526234865188599
vOTU_105,77167,virulent,0.9998660683631897
vOTU_106,77144,virulent,0.9998688101768494
vOTU_107,76793,virulent,0.9845086932182312
vOTU_108,76777,temperate,0.9982231855392456
vOTU_109,76314,virulent,0.9998688101768494
vOTU_110,75749,virulent,0.9998608231544495
vOTU_111,75466,virulent,0.9998592734336853
vOTU_119,72069,temperate,0.9032808542251587
vOTU_123,70875,virulent,0.9998587965965271
vOTU_124,70539,virulent,0.9998608231544495
vOTU_125,70493,virulent,0.999783992767334
vOTU_131,68211,temperate,0.9550776481628418
vOTU_134,67526,temperate,0.9998416900634766
vOTU_137,66679,virulent,0.9998683929443359
vOTU_138,66398,virulent,0.9998292922973633
vOTU_141,65620,temperate,0.999850332736969
vOTU_142,65349,virulent,0.9998651146888733
vOTU_147,64583,virulent,0.97293621301651
vOTU_149,64050,virulent,0.9996770024299622
vOTU_153,62862,virulent,0.9998651146888733
vOTU_155,62683,virulent,0.9998674392700195
vOTU_156,62344,virulent,0.9998655915260315
vOTU_161,61458,virulent,0.9998435974121094
vOTU_162,61146,temperate,0.9998560547828674
vOTU_163,60940,virulent,0.9998608231544495
vOTU_164,60860,temperate,0.9997616410255432
vOTU_165,60850,temperate,0.9998555779457092
vOTU_166,60631,temperate,0.9998053908348083
vOTU_167,60553,temperate,0.906798779964447
vOTU_171,58914,virulent,0.9998679161071777
vOTU_174,58418,temperate,0.9364757537841797
vOTU_175,58106,virulent,0.9998238682746887
vOTU_176,58040,virulent,0.9998608231544495
vOTU_177,57622,virulent,0.9997265338897705
vOTU_178,57517,temperate,0.9997071623802185
vOTU_183,56891,virulent,0.9979705214500427
vOTU_186,56181,temperate,0.9987323880195618
vOTU_187,56064,temperate,0.9996752738952637
vOTU_189,55595,virulent,0.921360969543457
vOTU_190,55530,virulent,0.9998560547828674
vOTU_196,54855,temperate,0.999670147895813
vOTU_199,54570,virulent,0.9998679161071777
vOTU_208,53644,virulent,0.9997982978820801
vOTU_209,53341,temperate,0.9998178482055664
vOTU_214,52813,virulent,0.9968342781066895
vOTU_216,52339,virulent,0.9998640418052673
vOTU_217,52196,temperate,0.999760627746582
vOTU_219,52090,virulent,0.999775230884552
vOTU_220,52089,virulent,0.8751723766326904
vOTU_223,52014,virulent,0.6591265797615051
vOTU_224,52007,temperate,0.9998392462730408
vOTU_225,51969,virulent,0.9997056126594543
vOTU_227,51779,virulent,0.9998674392700195
vOTU_229,51710,virulent,0.9998383522033691
vOTU_233,51205,virulent,0.9998664855957031
vOTU_237,50910,temperate,0.9991599917411804
vOTU_238,50866,virulent,0.9998540282249451
vOTU_241,50515,virulent,0.9998631477355957
vOTU_242,50450,virulent,0.7161374092102051
vOTU_247,49845,temperate,0.9978855848312378
vOTU_248,49768,temperate,0.9255867004394531
vOTU_249,49636,temperate,0.996408224105835
vOTU_250,49635,temperate,0.9997062683105469
vOTU_251,49635,temperate,0.9997062683105469
vOTU_252,49531,virulent,0.999855101108551
vOTU_253,49459,virulent,0.5327068567276001
vOTU_254,49397,temperate,0.9998201727867126
vOTU_255,49383,virulent,0.7776110768318176
vOTU_256,49276,virulent,0.6048330068588257
vOTU_257,49094,temperate,0.9110177159309387
vOTU_258,49067,temperate,0.9995842576026917
vOTU_259,49056,virulent,0.9998626708984375
vOTU_263,48636,virulent,0.9998640418052673
vOTU_264,48546,virulent,0.999824047088623
vOTU_266,48517,virulent,0.9998226165771484
vOTU_267,48331,temperate,0.692170262336731
vOTU_268,48272,temperate,0.984821081161499
vOTU_269,48192,virulent,0.9950840473175049
vOTU_272,47873,virulent,0.9998579025268555
vOTU_273,47755,temperate,0.6445004343986511
vOTU_274,47707,virulent,0.9998636245727539
vOTU_275,47707,virulent,0.9998640418052673
vOTU_276,47624,virulent,0.9998651146888733
vOTU_277,47610,virulent,0.9171860814094543
vOTU_279,47546,temperate,0.9998388290405273
vOTU_280,47506,temperate,0.9782208204269409
vOTU_281,47505,virulent,0.9998597502708435
vOTU_282,47308,temperate,0.9998540282249451
vOTU_284,47187,virulent,0.9998655915260315
vOTU_285,47167,temperate,0.9998431205749512
vOTU_288,46942,virulent,0.9990465044975281
vOTU_290,46913,virulent,0.9015194177627563
vOTU_291,46816,virulent,0.9996110200881958
vOTU_292,46733,temperate,0.999793529510498
vOTU_295,46478,temperate,0.9998025894165039
vOTU_296,46371,temperate,0.8482480049133301
vOTU_297,46332,virulent,0.9890353679656982
vOTU_298,46308,virulent,0.9998660683631897
vOTU_301,46039,virulent,0.999830961227417
vOTU_303,45890,virulent,0.9933607578277588
vOTU_304,45673,temperate,0.9970253705978394
vOTU_305,45636,virulent,0.9998612403869629
vOTU_306,45615,virulent,0.996903657913208
vOTU_307,45579,virulent,0.9517057538032532
vOTU_308,45577,temperate,0.9959816932678223
vOTU_310,45443,virulent,0.8753750920295715
vOTU_312,45359,temperate,0.9950489401817322
vOTU_313,45287,temperate,0.999842643737793
vOTU_314,45257,virulent,0.9959576725959778
vOTU_315,45195,temperate,0.9952396750450134
vOTU_316,45136,virulent,0.9968858361244202
vOTU_317,45101,virulent,0.9998669624328613
vOTU_318,45077,virulent,0.9923492670059204
vOTU_319,45002,virulent,0.9983093738555908
vOTU_320,44971,virulent,0.9998608231544495
vOTU_321,44971,virulent,0.9998621940612793
vOTU_322,44971,virulent,0.9998579025268555
vOTU_323,44971,virulent,0.9998640418052673
vOTU_324,44956,temperate,0.9997096061706543
vOTU_326,44794,virulent,0.9998626708984375
vOTU_327,44707,temperate,0.9998421669006348
vOTU_328,44638,temperate,0.9998365044593811
vOTU_330,44560,virulent,0.9998660683631897
vOTU_331,44536,virulent,0.9998660683631897
vOTU_332,44531,virulent,0.9998664855957031
vOTU_333,44443,temperate,0.998496413230896
vOTU_334,44379,temperate,0.9883453845977783
vOTU_337,44269,temperate,0.783728301525116
vOTU_338,44263,virulent,0.9998592734336853
vOTU_339,44263,virulent,0.9998617172241211
vOTU_342,44164,temperate,0.9997166991233826
vOTU_343,44040,temperate,0.9998583793640137
vOTU_344,43938,virulent,0.9998612403869629
vOTU_345,43881,virulent,0.8384138345718384
vOTU_346,43870,virulent,0.8784001469612122
vOTU_347,43715,virulent,0.9998640418052673
vOTU_348,43686,virulent,0.9998631477355957
vOTU_350,43612,virulent,0.9998651146888733
vOTU_351,43602,temperate,0.9998483657836914
vOTU_352,43547,temperate,0.9980825781822205
vOTU_354,43415,temperate,0.9998173713684082
vOTU_355,43371,virulent,0.9998608231544495
vOTU_356,43288,temperate,0.9995689988136292
vOTU_357,43229,virulent,0.9998608231544495
vOTU_362,43089,temperate,0.9997162818908691
vOTU_363,43034,virulent,0.9821510910987854
vOTU_364,43001,temperate,0.9925209879875183
vOTU_368,42913,temperate,0.9343579411506653
vOTU_369,42676,temperate,0.9998583793640137
vOTU_370,42672,temperate,0.9998583793640137
vOTU_371,42583,temperate,0.9724589586257935
vOTU_372,42542,temperate,0.9990934133529663
vOTU_373,42494,virulent,0.9996079206466675
vOTU_375,42387,temperate,0.9998016953468323
vOTU_376,42383,temperate,0.9998431205749512
vOTU_382,42190,virulent,0.9998621940612793
vOTU_385,42085,temperate,0.8045575618743896
vOTU_389,41954,temperate,0.9998403191566467
vOTU_390,41954,temperate,0.9971842169761658
vOTU_391,41949,temperate,0.9998326301574707
vOTU_392,41901,virulent,0.9998655915260315
vOTU_393,41901,virulent,0.9998597502708435
vOTU_394,41876,virulent,0.9983588457107544
vOTU_395,41676,temperate,0.9998574256896973
vOTU_396,41580,virulent,0.817801296710968
vOTU_400,41384,virulent,0.9998688101768494
vOTU_401,41363,virulent,0.9998160004615784
vOTU_403,41328,virulent,0.9998679161071777
vOTU_406,41299,temperate,0.9998555779457092
vOTU_407,41171,temperate,0.9998545050621033
vOTU_408,41130,virulent,0.9998560547828674
vOTU_409,41115,virulent,0.9998369216918945
vOTU_411,40971,temperate,0.999852180480957
vOTU_414,40930,temperate,0.9994375109672546
vOTU_416,40887,temperate,0.9976158142089844
vOTU_418,40860,temperate,0.9997119307518005
vOTU_419,40847,temperate,0.9954019784927368
vOTU_421,40793,virulent,0.9845279455184937
vOTU_422,40709,temperate,0.9786908626556396
vOTU_423,40669,virulent,0.9939855337142944
vOTU_425,40582,temperate,0.8282967209815979
vOTU_426,40575,temperate,0.9998483657836914
vOTU_427,40555,temperate,0.9997749328613281
vOTU_428,40506,temperate,0.9396510124206543
vOTU_429,40492,temperate,0.5414378046989441
vOTU_430,40459,temperate,0.9809044599533081
vOTU_431,40446,virulent,0.9974146485328674
vOTU_432,40412,temperate,0.9998540282249451
vOTU_433,40350,temperate,0.999845564365387
vOTU_434,40314,temperate,0.9998536109924316
vOTU_435,40306,virulent,0.9995923638343811
vOTU_438,40062,temperate,0.9998340606689453
vOTU_439,40042,virulent,0.9991901516914368
vOTU_440,39988,virulent,0.9998683929443359
vOTU_441,39977,virulent,0.999855101108551
vOTU_444,39896,virulent,0.9903993010520935
vOTU_445,39866,temperate,0.9468012452125549
vOTU_447,39835,temperate,0.999850332736969
vOTU_448,39756,temperate,0.9953680634498596
vOTU_450,39659,temperate,0.9998260140419006
vOTU_451,39630,virulent,0.9548488259315491
vOTU_452,39620,temperate,0.999779224395752
vOTU_453,39552,virulent,0.9980311989784241
vOTU_454,39547,virulent,0.9998660683631897
vOTU_456,39442,temperate,0.9997219443321228
vOTU_457,39421,temperate,0.999850332736969
vOTU_458,39403,temperate,0.9903432130813599
vOTU_459,39396,temperate,0.9995700716972351
vOTU_461,39326,temperate,0.9318664073944092
vOTU_464,39270,virulent,0.9808487892150879
vOTU_465,39185,temperate,0.9997587203979492
vOTU_466,39164,temperate,0.9998517036437988
vOTU_467,39160,temperate,0.9981324672698975
vOTU_468,39135,temperate,0.9998288154602051
vOTU_472,39037,temperate,0.7747593522071838
vOTU_476,38901,virulent,0.9998626708984375
vOTU_477,38882,temperate,0.8731236457824707
vOTU_479,38725,temperate,0.9993072152137756
vOTU_480,38723,temperate,0.9842432141304016
vOTU_481,38662,virulent,0.9868730902671814
vOTU_483,38633,temperate,0.9575494527816772
vOTU_484,38630,virulent,0.9583989381790161
vOTU_486,38583,virulent,0.9994841814041138
vOTU_487,38559,temperate,0.999517560005188
vOTU_488,38543,temperate,0.6648575663566589
vOTU_489,38536,temperate,0.9998331069946289
vOTU_490,38525,virulent,0.9998603463172913
vOTU_491,38498,temperate,0.999844491481781
vOTU_493,38464,temperate,0.9998488426208496
vOTU_498,38197,virulent,0.999767541885376
vOTU_500,38118,virulent,0.9998660683631897
vOTU_501,38116,virulent,0.8315208554267883
vOTU_502,38093,virulent,0.9998651146888733
vOTU_503,38043,virulent,0.652877688407898
vOTU_504,38040,temperate,0.9921025037765503
vOTU_505,38024,temperate,0.9998340606689453
vOTU_507,37941,virulent,0.9760831594467163
vOTU_509,37935,temperate,0.9980275630950928
vOTU_511,37925,temperate,0.9998392462730408
vOTU_515,37848,temperate,0.8789886832237244
vOTU_516,37836,temperate,0.9299343228340149
vOTU_517,37747,virulent,0.5473871231079102
vOTU_518,37707,temperate,0.9108953475952148
vOTU_519,37675,temperate,0.9924769997596741
vOTU_520,37654,temperate,0.999852180480957
vOTU_521,37525,temperate,0.9942461252212524
vOTU_523,37449,temperate,0.9996210336685181
vOTU_525,37367,temperate,0.9994989633560181
vOTU_526,37359,virulent,0.645589292049408
vOTU_527,37351,virulent,0.9998579025268555
vOTU_532,37156,virulent,0.9998636245727539
vOTU_533,37123,temperate,0.9332815408706665
vOTU_535,37085,temperate,0.9857363700866699
vOTU_536,37085,temperate,0.9836320877075195
vOTU_537,37071,virulent,0.8778707385063171
vOTU_538,37040,temperate,0.9978249073028564
vOTU_539,37034,temperate,0.9456794261932373
vOTU_541,36925,temperate,0.9368207454681396
vOTU_542,36922,virulent,0.9998664855957031
vOTU_543,36864,virulent,0.9995790123939514
vOTU_544,36845,virulent,0.6997407078742981
vOTU_546,36792,temperate,0.7611252665519714
vOTU_547,36753,temperate,0.9995042085647583
vOTU_548,36752,virulent,0.9998087882995605
vOTU_549,36729,temperate,0.9937257766723633
vOTU_550,36669,temperate,0.9998412728309631
vOTU_551,36595,virulent,0.9998664855957031
vOTU_552,36586,virulent,0.749186098575592
vOTU_553,36567,temperate,0.9998555779457092
vOTU_555,36496,temperate,0.9448425769805908
vOTU_556,36437,temperate,0.9998283386230469
vOTU_557,36399,virulent,0.6409459710121155
vOTU_558,36367,temperate,0.9393518567085266
vOTU_559,36361,virulent,0.9970443844795227
vOTU_561,36332,temperate,0.9997953772544861
vOTU_562,36327,temperate,0.9804478287696838
vOTU_568,36221,temperate,0.999748706817627
vOTU_569,36182,virulent,0.90438312292099
vOTU_570,36181,temperate,0.8350534439086914
vOTU_571,36175,temperate,0.9979657530784607
vOTU_572,36114,virulent,0.9998631477355957
vOTU_573,36107,temperate,0.9998435974121094
vOTU_574,36072,virulent,0.9998669624328613
vOTU_575,36063,virulent,0.90438312292099
vOTU_576,36035,temperate,0.9998488426208496
vOTU_578,36006,virulent,0.8710547685623169
vOTU_579,35895,virulent,0.9998651146888733
vOTU_580,35871,temperate,0.9989683628082275
vOTU_582,35827,temperate,0.9998230934143066
vOTU_584,35752,temperate,0.8464964628219604
vOTU_585,35723,temperate,0.9998355507850647
vOTU_588,35695,temperate,0.9998378753662109
vOTU_589,35688,virulent,0.9793988466262817
vOTU_590,35655,virulent,0.9997473359107971
vOTU_592,35595,temperate,0.9997944831848145
vOTU_593,35588,temperate,0.9973692297935486
vOTU_597,35442,virulent,0.9997787475585938
vOTU_598,35412,temperate,0.9857831001281738
vOTU_599,35402,temperate,0.984772801399231
vOTU_601,35386,virulent,0.9998703598976135
vOTU_602,35376,temperate,0.9998564720153809
vOTU_605,35264,virulent,0.9998660683631897
vOTU_606,35214,temperate,0.9997678399085999
vOTU_607,35142,temperate,0.9998431205749512
vOTU_608,35116,temperate,0.9998560547828674
vOTU_609,35111,virulent,0.9998683929443359
vOTU_611,35038,virulent,0.9990949630737305
vOTU_616,34862,temperate,0.999728262424469
vOTU_617,34841,temperate,0.9998545050621033
vOTU_621,34651,temperate,0.9791185259819031
vOTU_623,34589,virulent,0.9986730813980103
vOTU_625,34537,virulent,0.999660849571228
vOTU_627,34385,temperate,0.999845564365387
vOTU_630,34313,temperate,0.999845564365387
vOTU_632,34231,temperate,0.9998569488525391
vOTU_633,34228,temperate,0.999849259853363
vOTU_638,34148,virulent,0.9931601881980896
vOTU_639,34129,temperate,0.9998564720153809
vOTU_642,33963,temperate,0.9116194248199463
vOTU_643,33928,temperate,0.9997367262840271
vOTU_644,33905,temperate,0.9954952597618103
vOTU_647,33808,virulent,0.8024911880493164
vOTU_648,33717,temperate,0.9997373223304749
vOTU_649,33699,temperate,0.9998560547828674
vOTU_651,33612,virulent,0.9998660683631897
vOTU_653,33536,temperate,0.9998001456260681
vOTU_654,33509,virulent,0.9996876120567322
vOTU_657,33430,temperate,0.999235987663269
vOTU_661,33376,virulent,0.9998669624328613
vOTU_662,33365,virulent,0.9087135195732117
vOTU_663,33365,virulent,0.999130129814148
vOTU_664,33362,temperate,0.9998569488525391
vOTU_665,33361,temperate,0.9997944831848145
vOTU_666,33350,temperate,0.6323768496513367
vOTU_671,32978,virulent,0.9998683929443359
vOTU_673,32902,virulent,0.9998564720153809
vOTU_674,32886,virulent,0.9994818568229675
vOTU_675,32844,temperate,0.5332866311073303
vOTU_676,32844,temperate,0.9998526573181152
vOTU_677,32825,temperate,0.9993884563446045
vOTU_679,32782,virulent,0.9998651146888733
vOTU_680,32782,virulent,0.9997995495796204
vOTU_681,32769,virulent,0.9958097338676453
vOTU_682,32689,temperate,0.9886652827262878
vOTU_684,32638,temperate,0.9998603463172913
vOTU_687,32589,temperate,0.9998564720153809
vOTU_692,32445,temperate,0.9998555779457092
vOTU_697,32267,temperate,0.946380615234375
vOTU_702,32140,temperate,0.9623873829841614
vOTU_704,32099,temperate,0.9997658133506775
vOTU_705,32079,temperate,0.9979723691940308
vOTU_707,32017,temperate,0.9997953772544861
vOTU_709,32008,temperate,0.9998431205749512
vOTU_710,31983,temperate,0.9998583793640137
vOTU_713,31912,virulent,0.9998574256896973
vOTU_715,31877,virulent,0.9868833422660828
vOTU_721,31715,virulent,0.996985912322998
vOTU_722,31585,temperate,0.9998249411582947
vOTU_725,31559,virulent,0.996985912322998
vOTU_728,31489,temperate,0.9975643754005432
vOTU_729,31366,temperate,0.9938268661499023
vOTU_730,31351,virulent,0.9998712539672852
vOTU_731,31342,virulent,0.999741792678833
vOTU_734,31321,temperate,0.9998555779457092
vOTU_738,31244,temperate,0.9994675517082214
vOTU_743,31171,virulent,0.9998712539672852
vOTU_745,31056,virulent,0.9998597502708435
vOTU_748,31036,virulent,0.9842496514320374
vOTU_749,31034,temperate,0.9990427494049072
vOTU_750,31023,temperate,0.9998587965965271
vOTU_753,30924,virulent,0.9998403191566467
vOTU_754,30886,virulent,0.9992876648902893
vOTU_757,30851,virulent,0.9842496514320374
vOTU_758,30822,temperate,0.9967349767684937
vOTU_759,30760,temperate,0.9984182119369507
vOTU_760,30756,temperate,0.9998483657836914
vOTU_761,30721,temperate,0.999844491481781
vOTU_762,30666,temperate,0.9998278617858887
vOTU_763,30646,virulent,0.965234100818634
vOTU_764,30633,temperate,0.9998579025268555
vOTU_767,30569,virulent,0.989625096321106
vOTU_770,30458,temperate,0.9922584295272827
vOTU_774,30340,virulent,0.9998664855957031
vOTU_775,30312,temperate,0.9998169541358948
vOTU_776,30305,temperate,0.5426315069198608
vOTU_777,30264,temperate,0.9997510313987732
vOTU_778,30259,temperate,0.9997773766517639
vOTU_779,30243,virulent,0.9998683929443359
vOTU_780,30207,temperate,0.9998478889465332
vOTU_782,30113,virulent,0.9998651146888733
vOTU_783,30095,temperate,0.9990442991256714
vOTU_787,30045,virulent,0.9997901320457458
vOTU_790,30017,temperate,0.9997473359107971
vOTU_793,29953,virulent,0.9998674392700195
vOTU_794,29951,temperate,0.9932054281234741
vOTU_797,29883,temperate,0.7314499616622925
vOTU_798,29880,virulent,0.5780210494995117
vOTU_800,29859,virulent,0.9998517036437988
vOTU_801,29850,temperate,0.9998355507850647
vOTU_807,29675,temperate,0.9998288154602051
vOTU_808,29636,virulent,0.8200374841690063
vOTU_809,29615,temperate,0.9997716546058655
vOTU_814,29545,temperate,0.9260067343711853
vOTU_815,29497,temperate,0.9997162818908691
vOTU_817,29362,temperate,0.9998540282249451
vOTU_818,29354,virulent,0.9754800796508789
vOTU_819,29300,virulent,0.9998655915260315
vOTU_820,29294,temperate,0.9998592734336853
vOTU_824,29255,temperate,0.9993779063224792
vOTU_825,29179,virulent,0.9998579025268555
vOTU_827,29146,virulent,0.9998708367347717
vOTU_828,29135,virulent,0.9998569488525391
vOTU_829,29131,temperate,0.9985019564628601
vOTU_831,29047,virulent,0.721426784992218
vOTU_832,28988,virulent,0.9998703598976135
vOTU_833,28967,virulent,0.7361155152320862
vOTU_835,28932,temperate,0.9998592734336853
vOTU_836,28930,temperate,0.960939347743988
vOTU_837,28925,temperate,0.9998587965965271
vOTU_838,28920,temperate,0.9998360276222229
vOTU_840,28913,virulent,0.999743640422821
vOTU_841,28913,virulent,0.9922487139701843
vOTU_845,28816,temperate,0.9378867745399475
vOTU_846,28806,virulent,0.9998664855957031
vOTU_847,28789,temperate,0.9994850754737854
vOTU_848,28776,virulent,0.985414445400238
vOTU_850,28764,virulent,0.9997177720069885
vOTU_851,28742,virulent,0.9838868379592896
vOTU_852,28722,virulent,0.9998708367347717
vOTU_854,28683,temperate,0.9998449683189392
vOTU_855,28662,virulent,0.9998645186424255
vOTU_856,28606,temperate,0.9998412728309631
vOTU_859,28528,virulent,0.9998717308044434
vOTU_861,28512,temperate,0.9679661989212036
vOTU_862,28501,temperate,0.9673793315887451
vOTU_863,28500,temperate,0.8952128887176514
vOTU_869,28341,temperate,0.9998412728309631
vOTU_870,28272,virulent,0.9998608231544495
vOTU_872,28263,virulent,0.9989903569221497
vOTU_879,28160,temperate,0.9997749328613281
vOTU_880,28109,temperate,0.9998545050621033
vOTU_882,28089,virulent,0.9998292922973633
vOTU_885,28044,temperate,0.9998583793640137
vOTU_889,28031,virulent,0.9998536109924316
vOTU_890,28030,temperate,0.9998592734336853
vOTU_891,27999,virulent,0.9998592734336853
vOTU_892,27953,virulent,0.7735466361045837
vOTU_898,27811,virulent,0.8823209404945374
vOTU_905,27672,temperate,0.999850332736969
vOTU_907,27575,temperate,0.9998587965965271
vOTU_909,27537,temperate,0.9998603463172913
vOTU_911,27465,temperate,0.9998579025268555
vOTU_915,27395,temperate,0.9998416900634766
vOTU_917,27359,virulent,0.5454984903335571
vOTU_922,27008,virulent,0.999855101108551
vOTU_925,26941,temperate,0.9928190112113953
vOTU_927,26915,temperate,0.9998583793640137
vOTU_930,26863,virulent,0.9998722076416016
vOTU_931,26834,virulent,0.990889310836792
vOTU_932,26834,temperate,0.9998317360877991
vOTU_935,26814,temperate,0.9033650755882263
vOTU_936,26803,temperate,0.9716099500656128
vOTU_937,26769,temperate,0.9943138957023621
vOTU_938,26764,temperate,0.9970672726631165
vOTU_939,26755,temperate,0.9628261923789978
vOTU_940,26745,virulent,0.9998297095298767
vOTU_941,26712,temperate,0.9998587965965271
vOTU_944,26704,virulent,0.9998669624328613
vOTU_946,26662,virulent,0.9533546566963196
vOTU_947,26642,virulent,0.9998674392700195
vOTU_949,26629,temperate,0.9629598259925842
vOTU_950,26625,virulent,0.999803364276886
vOTU_953,26566,temperate,0.9998587965965271
vOTU_958,26515,temperate,0.9998569488525391
vOTU_959,26487,temperate,0.9942288398742676
vOTU_960,26433,temperate,0.9908908009529114
vOTU_961,26431,virulent,0.9998592734336853
vOTU_963,26360,temperate,0.9998583793640137
vOTU_970,26258,temperate,0.9998478889465332
vOTU_971,26240,virulent,0.9989774227142334
vOTU_978,26166,temperate,0.9998564720153809
vOTU_982,26048,temperate,0.9258801341056824
vOTU_983,26030,virulent,0.8166166543960571
vOTU_990,25983,temperate,0.8269283771514893
vOTU_991,25956,temperate,0.9998078346252441
vOTU_993,25898,temperate,0.9931098818778992
vOTU_999,25718,virulent,0.9977877736091614
vOTU_1003,25630,temperate,0.9998301863670349
vOTU_1004,25585,virulent,0.9998651146888733
vOTU_1006,25555,temperate,0.9993715286254883
vOTU_1009,25464,temperate,0.9998587965965271
vOTU_1012,25422,temperate,0.9998574256896973
vOTU_1015,25329,temperate,0.9998407959938049
vOTU_1016,25291,virulent,0.850425660610199
vOTU_1017,25280,temperate,0.9998531341552734
vOTU_1019,25266,temperate,0.9998587965965271
vOTU_1020,25261,virulent,0.9998679161071777
vOTU_1022,25255,temperate,0.7703039050102234
vOTU_1029,24951,temperate,0.9997644424438477
vOTU_1035,24848,temperate,0.9998583793640137
vOTU_1036,24812,temperate,0.9998587965965271
vOTU_1037,24800,temperate,0.7815627455711365
vOTU_1039,24793,virulent,0.9967688918113708
vOTU_1045,24563,virulent,0.6384256482124329
vOTU_1046,24539,temperate,0.7257359027862549
vOTU_1047,24531,virulent,0.9998574256896973
vOTU_1055,24372,virulent,0.996605634689331
vOTU_1058,24346,temperate,0.8907259702682495
vOTU_1060,24309,temperate,0.9998583793640137
vOTU_1062,24296,virulent,0.993303120136261
vOTU_1064,24260,temperate,0.9998288154602051
vOTU_1066,24253,virulent,0.9998579025268555
vOTU_1069,24247,temperate,0.9971284866333008
vOTU_1071,24182,temperate,0.9998025894165039
vOTU_1072,24157,temperate,0.9973750710487366
vOTU_1073,24152,virulent,0.8340361714363098
vOTU_1076,24126,temperate,0.9996991753578186
vOTU_1077,24090,temperate,0.9976119995117188
vOTU_1082,24032,temperate,0.9998517036437988
vOTU_1086,23977,virulent,0.9673807621002197
vOTU_1087,23965,virulent,0.9998631477355957
vOTU_1089,23936,temperate,0.999847412109375
vOTU_1100,23708,temperate,0.9998592734336853
vOTU_1101,23700,temperate,0.9994184970855713
vOTU_1102,23697,temperate,0.99868243932724
vOTU_1106,23623,temperate,0.999730110168457
vOTU_1111,23527,virulent,0.8323962092399597
vOTU_1112,23526,temperate,0.9885615110397339
vOTU_1113,23498,virulent,0.9794787168502808
vOTU_1115,23452,temperate,0.9354488253593445
vOTU_1117,23441,virulent,0.9998703598976135
vOTU_1119,23408,virulent,0.6210101842880249
vOTU_1120,23403,virulent,0.9998617172241211
vOTU_1122,23323,temperate,0.9998569488525391
vOTU_1127,23236,temperate,0.9998555779457092
vOTU_1131,23197,virulent,0.9998683929443359
vOTU_1133,23156,virulent,0.9998703598976135
vOTU_1134,23137,temperate,0.9984360337257385
vOTU_1135,23132,temperate,0.9970537424087524
vOTU_1136,23111,temperate,0.9998597502708435
vOTU_1139,23094,virulent,0.7805861830711365
vOTU_1141,23057,temperate,0.9998460412025452
vOTU_1145,22924,virulent,0.9405601620674133
vOTU_1154,22778,virulent,0.9712827205657959
vOTU_1155,22773,virulent,0.9998726844787598
vOTU_1170,22574,temperate,0.9998583793640137
vOTU_1171,22563,temperate,0.9998365044593811
vOTU_1172,22555,virulent,0.9997210502624512
vOTU_1180,22523,temperate,0.976842999458313
vOTU_1186,22395,temperate,0.765727162361145
vOTU_1192,22339,temperate,0.9856423139572144
vOTU_1195,22316,temperate,0.9992275834083557
vOTU_1196,22308,virulent,0.9940923452377319
vOTU_1198,22286,temperate,0.9998560547828674
vOTU_1200,22253,temperate,0.9998587965965271
vOTU_1201,22249,virulent,0.9998664855957031
vOTU_1203,22214,virulent,0.9998683929443359
vOTU_1208,22156,virulent,0.9998449683189392
vOTU_1219,21968,virulent,0.9998669624328613
vOTU_1223,21940,temperate,0.9998583793640137
vOTU_1226,21876,temperate,0.9994232654571533
vOTU_1238,21674,temperate,0.999852180480957
vOTU_1241,21650,virulent,0.9998703598976135
vOTU_1249,21515,temperate,0.9998587965965271
vOTU_1254,21458,temperate,0.999839723110199
vOTU_1258,21341,temperate,0.9995375871658325
vOTU_1259,21298,temperate,0.6070969700813293
vOTU_1262,21180,virulent,0.9998708367347717
vOTU_1263,21152,temperate,0.9997982978820801
vOTU_1269,21088,temperate,0.9998583793640137
vOTU_1273,21047,temperate,0.99978107213974
vOTU_1277,21028,temperate,0.9998587965965271
vOTU_1280,21006,temperate,0.9996739029884338
vOTU_1281,20994,virulent,0.9998683929443359
vOTU_1285,20939,virulent,0.9998440146446228
vOTU_1290,20911,temperate,0.9994546175003052
vOTU_1292,20890,temperate,0.9997959733009338
vOTU_1297,20866,temperate,0.999850332736969
vOTU_1300,20808,virulent,0.8743941187858582
vOTU_1308,20744,temperate,0.5441305041313171
vOTU_1309,20740,temperate,0.9998555779457092
vOTU_1312,20688,virulent,0.999716579914093
vOTU_1313,20673,temperate,0.9998597502708435
vOTU_1314,20669,temperate,0.9998292922973633
vOTU_1320,20611,virulent,0.9998631477355957
vOTU_1325,20520,temperate,0.9998421669006348
vOTU_1326,20514,virulent,0.9998688101768494
vOTU_1327,20510,temperate,0.7087898850440979
vOTU_1338,20257,virulent,0.9998669624328613
vOTU_1339,20257,temperate,0.9998592734336853
vOTU_1352,20102,temperate,0.9998603463172913
vOTU_1353,20098,temperate,0.9692497253417969
vOTU_1355,20082,temperate,0.9965406060218811
vOTU_1372,19897,temperate,0.9998597502708435
vOTU_1375,19881,temperate,0.9115986824035645
vOTU_1377,19872,temperate,0.9998597502708435
vOTU_1378,19867,temperate,0.9998583793640137
vOTU_1380,19829,virulent,0.9998555779457092
vOTU_1388,19735,temperate,0.993574857711792
vOTU_1389,19733,virulent,0.9998688101768494
vOTU_1392,19710,virulent,0.9998555779457092
vOTU_1394,19690,temperate,0.9802629351615906
vOTU_1395,19689,temperate,0.9546564221382141
vOTU_1396,19689,virulent,0.9983519911766052
vOTU_1399,19673,virulent,0.9998726844787598
vOTU_1400,19654,virulent,0.9998712539672852
vOTU_1402,19633,temperate,0.9998555779457092
vOTU_1406,19585,virulent,0.5251113772392273
vOTU_1411,19534,temperate,0.9998597502708435
vOTU_1414,19471,temperate,0.9998555779457092
vOTU_1416,19450,virulent,0.9998735785484314
vOTU_1420,19400,virulent,0.998341977596283
vOTU_1421,19399,virulent,0.9998688101768494
vOTU_1422,19374,temperate,0.9998603463172913
vOTU_1423,19368,temperate,0.9998488426208496
vOTU_1425,19352,temperate,0.9998531341552734
vOTU_1427,19325,virulent,0.9998688101768494
vOTU_1430,19302,virulent,0.9998645186424255
vOTU_1431,19302,temperate,0.9991596937179565
vOTU_1434,19291,temperate,0.999728262424469
vOTU_1436,19280,temperate,0.9998597502708435
vOTU_1442,19194,temperate,0.9998307824134827
vOTU_1448,19161,temperate,0.9997992515563965
vOTU_1449,19158,temperate,0.9998603463172913
vOTU_1450,19157,temperate,0.9998597502708435
vOTU_1451,19150,temperate,0.9998574256896973
vOTU_1453,19146,temperate,0.9995928406715393
vOTU_1455,19108,temperate,0.9998560547828674
vOTU_1460,19065,virulent,0.9717137217521667
vOTU_1463,19053,virulent,0.7546904683113098
vOTU_1464,19048,temperate,0.9998421669006348
vOTU_1467,19012,virulent,0.9499866962432861
vOTU_1470,18964,virulent,0.9997231960296631
vOTU_1476,18890,temperate,0.999845564365387
vOTU_1477,18886,virulent,0.9998126029968262
vOTU_1480,18851,temperate,0.9996601343154907
vOTU_1482,18826,temperate,0.9974777698516846
vOTU_1483,18824,temperate,0.99835604429245
vOTU_1488,18784,virulent,0.9557631015777588
vOTU_1494,18707,temperate,0.9996791481971741
vOTU_1496,18699,virulent,0.9490126371383667
vOTU_1497,18689,temperate,0.9745562076568604
vOTU_1498,18679,temperate,0.9998579025268555
vOTU_1501,18662,virulent,0.9510762691497803
vOTU_1515,18575,temperate,0.9998583793640137
vOTU_1518,18545,virulent,0.9998688101768494
vOTU_1519,18543,temperate,0.9998574256896973
vOTU_1523,18503,temperate,0.9998579025268555
vOTU_1529,18467,temperate,0.9991883039474487
vOTU_1532,18454,virulent,0.9998692870140076
vOTU_1538,18402,virulent,0.9998608231544495
vOTU_1548,18324,virulent,0.9998655915260315
vOTU_1561,18198,virulent,0.992336630821228
vOTU_1562,18191,virulent,0.9998722076416016
vOTU_1563,18170,virulent,0.9998238682746887
vOTU_1565,18158,virulent,0.9547368288040161
vOTU_1567,18154,temperate,0.9998249411582947
vOTU_1579,18021,virulent,0.6974910497665405
vOTU_1580,18020,virulent,0.9998608231544495
vOTU_1583,17957,temperate,0.999636709690094
vOTU_1594,17878,temperate,0.9998592734336853
vOTU_1595,17840,virulent,0.9490126371383667
vOTU_1599,17815,virulent,0.9998655915260315
vOTU_1602,17802,virulent,0.9964284896850586
vOTU_1603,17791,temperate,0.9998569488525391
vOTU_1605,17760,virulent,0.9998726844787598
vOTU_1607,17731,virulent,0.9998574256896973
vOTU_1614,17656,virulent,0.9994410872459412
vOTU_1620,17613,virulent,0.9209988713264465
vOTU_1632,17505,virulent,0.5092937350273132
vOTU_1633,17501,temperate,0.8374835848808289
vOTU_1636,17476,temperate,0.9998360276222229
vOTU_1638,17454,temperate,0.9998564720153809
vOTU_1639,17452,virulent,0.9998712539672852
vOTU_1640,17449,virulent,0.9998545050621033
vOTU_1642,17446,virulent,0.9998640418052673
vOTU_1649,17395,temperate,0.9914966821670532
vOTU_1655,17338,virulent,0.9998478889465332
vOTU_1657,17322,temperate,0.9998597502708435
vOTU_1662,17262,temperate,0.9997444152832031
vOTU_1669,17177,temperate,0.9998564720153809
vOTU_1670,17169,temperate,0.9998269081115723
vOTU_1671,17167,virulent,0.9998626708984375
vOTU_1679,17070,virulent,0.9997768998146057
vOTU_1682,17048,temperate,0.9998579025268555
vOTU_1683,17036,temperate,0.9891319870948792
vOTU_1687,16941,virulent,0.999855101108551
vOTU_1695,16857,temperate,0.9998545050621033
vOTU_1704,16797,temperate,0.9998603463172913
vOTU_1708,16772,temperate,0.9998497366905212
vOTU_1710,16754,temperate,0.8190445899963379
vOTU_1712,16750,temperate,0.9998597502708435
vOTU_1719,16727,temperate,0.9998579025268555
vOTU_1725,16692,virulent,0.9998712539672852
vOTU_1731,16661,virulent,0.9998226165771484
vOTU_1732,16650,virulent,0.9998344779014587
vOTU_1734,16625,virulent,0.9998708367347717
vOTU_1735,16606,virulent,0.9998488426208496
vOTU_1741,16577,temperate,0.9963173270225525
vOTU_1745,16563,temperate,0.9998569488525391
vOTU_1747,16557,virulent,0.9674847722053528
vOTU_1760,16508,temperate,0.992300271987915
vOTU_1762,16497,temperate,0.997890055179596
vOTU_1782,16316,temperate,0.99979168176651
vOTU_1784,16304,virulent,0.9998531341552734
vOTU_1786,16298,virulent,0.9998703598976135
vOTU_1788,16293,virulent,0.9998698830604553
vOTU_1796,16219,virulent,0.9998235702514648
vOTU_1798,16190,temperate,0.9998460412025452
vOTU_1802,16168,temperate,0.9995323419570923
vOTU_1803,16154,temperate,0.9947054386138916
vOTU_1820,16019,temperate,0.9997391700744629
vOTU_1821,16018,virulent,0.9998679161071777
vOTU_1825,15989,temperate,0.9998597502708435
vOTU_1827,15971,temperate,0.9893646240234375
vOTU_1828,15966,virulent,0.9141340851783752
vOTU_1847,15839,temperate,0.999847412109375
vOTU_1848,15832,temperate,0.9998526573181152
vOTU_1853,15792,virulent,0.999587893486023
vOTU_1854,15791,virulent,0.9998703598976135
vOTU_1864,15727,virulent,0.8248112797737122
vOTU_1873,15682,temperate,0.999517560005188
vOTU_1874,15672,temperate,0.9998564720153809
vOTU_1876,15659,temperate,0.9998288154602051
vOTU_1880,15631,temperate,0.9998064637184143
vOTU_1884,15615,virulent,0.8697583675384521
vOTU_1885,15609,virulent,0.9998726844787598
vOTU_1886,15600,virulent,0.9998655915260315
vOTU_1895,15526,temperate,0.9976990818977356
vOTU_1896,15517,temperate,0.9989324808120728
vOTU_1899,15483,temperate,0.9621671438217163
vOTU_1901,15471,temperate,0.8924611806869507
vOTU_1903,15460,virulent,0.9998612403869629
vOTU_1904,15449,virulent,0.9998688101768494
vOTU_1910,15408,temperate,0.9998078346252441
vOTU_1921,15340,virulent,0.9998712539672852
vOTU_1925,15304,temperate,0.9997959733009338
vOTU_1935,15221,temperate,0.9998560547828674
vOTU_1946,15136,virulent,0.9998512864112854
vOTU_1947,15115,virulent,0.9904509782791138
vOTU_1948,15113,temperate,0.9998597502708435
vOTU_1949,15105,virulent,0.9996760487556458
vOTU_1956,15048,temperate,0.9998583793640137
vOTU_1957,15045,virulent,0.9998645186424255
vOTU_1958,15041,virulent,0.9911967515945435
vOTU_1981,14894,temperate,0.9998597502708435
vOTU_1985,14877,temperate,0.7315555214881897
vOTU_1986,14871,virulent,0.5664207339286804
vOTU_1988,14856,virulent,0.5642254948616028
vOTU_1989,14855,temperate,0.9503514170646667
vOTU_1990,14846,virulent,0.9998683929443359
vOTU_2000,14804,virulent,0.9192312359809875
vOTU_2007,14738,virulent,0.9825313687324524
vOTU_2008,14730,virulent,0.9998664855957031
vOTU_2011,14725,temperate,0.9997314810752869
vOTU_2012,14721,temperate,0.9998440146446228
vOTU_2015,14710,temperate,0.9998355507850647
vOTU_2029,14615,temperate,0.9998597502708435
vOTU_2034,14602,virulent,0.9852017760276794
vOTU_2040,14556,virulent,0.9890261888504028
vOTU_2056,14452,temperate,0.999850332736969
vOTU_2058,14436,temperate,0.9998297095298767
vOTU_2059,14435,virulent,0.9998517036437988
vOTU_2060,14434,temperate,0.9998597502708435
vOTU_2063,14430,temperate,0.9998587965965271
vOTU_2065,14422,temperate,0.9463505744934082
vOTU_2072,14388,temperate,0.9998603463172913
vOTU_2078,14339,virulent,0.9998683929443359
vOTU_2079,14338,temperate,0.9998597502708435
vOTU_2080,14326,virulent,0.9998692870140076
vOTU_2086,14301,temperate,0.9988582134246826
vOTU_2089,14275,virulent,0.9998692870140076
vOTU_2092,14232,temperate,0.9998597502708435
vOTU_2100,14186,virulent,0.9432842135429382
vOTU_2101,14183,virulent,0.9998712539672852
vOTU_2105,14142,temperate,0.9841228127479553
vOTU_2115,14088,virulent,0.9998640418052673
vOTU_2131,13998,temperate,0.9998597502708435
vOTU_2134,13977,temperate,0.9992648959159851
vOTU_2141,13935,virulent,0.9998683929443359
vOTU_2142,13931,temperate,0.9983948469161987
vOTU_2143,13927,virulent,0.9995383620262146
vOTU_2153,13878,temperate,0.9992390871047974
vOTU_2159,13850,temperate,0.993298351764679
vOTU_2161,13823,temperate,0.9998597502708435
vOTU_2163,13815,virulent,0.9998669624328613
vOTU_2170,13767,virulent,0.9998688101768494
vOTU_2182,13729,virulent,0.9998698830604553
vOTU_2183,13725,virulent,0.9998626708984375
vOTU_2186,13696,virulent,0.9672417640686035
vOTU_2191,13673,virulent,0.9998645186424255
vOTU_2199,13625,virulent,0.9998608231544495
vOTU_2211,13588,temperate,0.9989176988601685
vOTU_2212,13588,temperate,0.9998597502708435
vOTU_2216,13559,temperate,0.9998592734336853
vOTU_2219,13555,temperate,0.9998579025268555
vOTU_2222,13530,temperate,0.9998583793640137
vOTU_2230,13484,virulent,0.9998651146888733
vOTU_2242,13424,virulent,0.9879937171936035
vOTU_2247,13378,temperate,0.9998526573181152
vOTU_2248,13362,virulent,0.9998708367347717
vOTU_2250,13359,temperate,0.9998597502708435
vOTU_2254,13345,virulent,0.9984860420227051
vOTU_2256,13341,virulent,0.9998722076416016
vOTU_2268,13305,virulent,0.999873161315918
vOTU_2274,13288,temperate,0.8585522174835205
vOTU_2280,13255,temperate,0.9998587965965271
vOTU_2284,13232,temperate,0.9996910095214844
vOTU_2291,13207,virulent,0.9998712539672852
vOTU_2295,13198,temperate,0.9998603463172913
vOTU_2298,13191,temperate,0.9998603463172913
vOTU_2299,13189,virulent,0.9998698830604553
vOTU_2311,13162,virulent,0.9541099667549133
vOTU_2318,13137,temperate,0.9998597502708435
vOTU_2320,13133,temperate,0.9958608150482178
vOTU_2322,13132,temperate,0.9998603463172913
vOTU_2325,13119,virulent,0.8826696276664734
vOTU_2328,13100,temperate,0.9998569488525391
vOTU_2336,13042,virulent,0.9810898303985596
vOTU_2340,13011,virulent,0.9998683929443359
vOTU_2344,12983,temperate,0.9998517036437988
vOTU_2345,12980,temperate,0.9998540282249451
vOTU_2350,12965,virulent,0.9998712539672852
vOTU_2352,12955,virulent,0.9303092956542969
vOTU_2356,12933,temperate,0.9998587965965271
vOTU_2368,12890,temperate,0.9998583793640137
vOTU_2372,12885,virulent,0.9998660683631897
vOTU_2375,12878,virulent,0.9998679161071777
vOTU_2379,12852,virulent,0.9993952512741089
vOTU_2387,12820,temperate,0.9998587965965271
vOTU_2388,12813,temperate,0.9998583793640137
vOTU_2389,12802,temperate,0.8742804527282715
vOTU_2391,12801,virulent,0.9998683929443359
vOTU_2392,12800,temperate,0.9952743053436279
vOTU_2396,12788,virulent,0.9979671835899353
vOTU_2397,12787,temperate,0.9998592734336853
vOTU_2400,12771,temperate,0.9998592734336853
vOTU_2404,12757,temperate,0.9998579025268555
vOTU_2405,12755,temperate,0.9896467328071594
vOTU_2407,12744,temperate,0.9998508095741272
vOTU_2409,12725,temperate,0.999611496925354
vOTU_2424,12666,temperate,0.9998531341552734
vOTU_2426,12660,temperate,0.9997625946998596
vOTU_2429,12642,virulent,0.9623669385910034
vOTU_2430,12631,temperate,0.9523839354515076
vOTU_2443,12562,virulent,0.9998655915260315
vOTU_2457,12517,temperate,0.9998597502708435
vOTU_2458,12506,temperate,0.9960671663284302
vOTU_2466,12463,virulent,0.9994871020317078
vOTU_2467,12462,virulent,0.9998722076416016
vOTU_2469,12457,virulent,0.9998708367347717
vOTU_2472,12447,temperate,0.999809741973877
vOTU_2473,12444,temperate,0.9998583793640137
vOTU_2481,12416,temperate,0.9998587965965271
vOTU_2501,12349,temperate,0.9998545050621033
vOTU_2508,12308,temperate,0.999809741973877
vOTU_2522,12244,virulent,0.9998688101768494
vOTU_2524,12243,virulent,0.9998679161071777
vOTU_2526,12240,virulent,0.9998688101768494
vOTU_2528,12239,virulent,0.9998664855957031
vOTU_2533,12227,virulent,0.9993535876274109
vOTU_2535,12225,virulent,0.9998674392700195
vOTU_2537,12220,temperate,0.9998592734336853
vOTU_2548,12180,virulent,0.9998722076416016
vOTU_2558,12139,virulent,0.9998536109924316
vOTU_2559,12137,temperate,0.999845564365387
vOTU_2560,12135,temperate,0.9998587965965271
vOTU_2561,12132,virulent,0.9998669624328613
vOTU_2562,12130,temperate,0.9998597502708435
vOTU_2595,12034,virulent,0.9998726844787598
vOTU_2604,12023,temperate,0.987630307674408
vOTU_2613,11983,virulent,0.9997736811637878
vOTU_2614,11978,virulent,0.9998712539672852
vOTU_2625,11944,temperate,0.9998497366905212
vOTU_2630,11929,virulent,0.9998703598976135
vOTU_2633,11904,temperate,0.994012713432312
vOTU_2634,11880,virulent,0.9994163513183594
vOTU_2639,11864,virulent,0.9998488426208496
vOTU_2648,11827,temperate,0.9973978996276855
vOTU_2658,11791,temperate,0.9998592734336853
vOTU_2666,11769,temperate,0.9996476769447327
vOTU_2671,11754,virulent,0.9997584223747253
vOTU_2707,11652,virulent,0.9998735785484314
vOTU_2708,11647,virulent,0.9998252391815186
vOTU_2724,11604,temperate,0.9998564720153809
vOTU_2729,11592,virulent,0.9998712539672852
vOTU_2750,11519,temperate,0.9998597502708435
vOTU_2761,11495,temperate,0.9998083114624023
vOTU_2762,11495,temperate,0.9998583793640137
vOTU_2764,11489,temperate,0.9998579025268555
vOTU_2781,11443,virulent,0.9998655915260315
vOTU_2784,11435,temperate,0.9909375309944153
vOTU_2788,11432,temperate,0.9993550777435303
vOTU_2795,11406,virulent,0.9998735785484314
vOTU_2802,11381,temperate,0.9998583793640137
vOTU_2814,11344,temperate,0.9997644424438477
vOTU_2816,11328,temperate,0.999849259853363
vOTU_2823,11311,temperate,0.9756850004196167
vOTU_2826,11300,temperate,0.9968482851982117
vOTU_2827,11300,temperate,0.9998603463172913
vOTU_2830,11292,temperate,0.9963662028312683
vOTU_2832,11287,temperate,0.9998135566711426
vOTU_2837,11273,temperate,0.9747653007507324
vOTU_2850,11224,virulent,0.9998679161071777
vOTU_2868,11140,virulent,0.9614008665084839
vOTU_2877,11122,temperate,0.98573899269104
vOTU_2883,11109,virulent,0.9996634721755981
vOTU_2889,11069,temperate,0.7034651637077332
vOTU_2893,11056,temperate,0.9997901320457458
vOTU_2917,10965,temperate,0.9914863109588623
vOTU_2919,10964,temperate,0.998776912689209
vOTU_2941,10904,temperate,0.9996610283851624
vOTU_2957,10889,temperate,0.999852180480957
vOTU_2965,10861,virulent,0.9998712539672852
vOTU_2967,10845,virulent,0.9998683929443359
vOTU_2976,10822,virulent,0.9998708367347717
vOTU_2982,10813,temperate,0.9998587965965271
vOTU_2985,10795,virulent,0.9998688101768494
vOTU_2986,10789,temperate,0.997252881526947
vOTU_2989,10783,temperate,0.9998597502708435
vOTU_2991,10774,temperate,0.9948002696037292
vOTU_2996,10764,temperate,0.9998592734336853
vOTU_3015,10699,temperate,0.9987650513648987
vOTU_3017,10696,virulent,0.9993693828582764
vOTU_3044,10635,virulent,0.9998726844787598
vOTU_3055,10592,temperate,0.9998597502708435
vOTU_3059,10588,virulent,0.9981409311294556
vOTU_3064,10568,temperate,0.9998597502708435
vOTU_3071,10536,temperate,0.9998517036437988
vOTU_3087,10489,temperate,0.9998592734336853
vOTU_3094,10471,temperate,0.9998592734336853
vOTU_3100,10449,virulent,0.9998199939727783
vOTU_3101,10449,virulent,0.9998674392700195
vOTU_3103,10443,virulent,0.8808067440986633
vOTU_3110,10428,virulent,0.9998692870140076
vOTU_3137,10344,virulent,0.9998679161071777
vOTU_3150,10296,temperate,0.9959135055541992
vOTU_3159,10263,virulent,0.9964679479598999
vOTU_3166,10234,temperate,0.999849259853363
vOTU_3172,10208,virulent,0.9998478889465332
vOTU_3182,10190,temperate,0.9998603463172913
vOTU_3191,10166,temperate,0.9998603463172913
vOTU_3209,10099,temperate,0.9998587965965271
vOTU_3241,10037,temperate,0.9998597502708435
vOTU_3583,9222,virulent,0.9998740553855896
vOTU_3935,8584,virulent,0.9998740553855896
vOTU_4803,7370,virulent,0.9998740553855896
vOTU_4969,7160,virulent,0.9998735785484314
vOTU_5003,7117,virulent,0.9998735785484314
vOTU_5060,7056,virulent,0.9998735785484314
vOTU_5073,7041,virulent,0.9998746514320374
vOTU_5101,7015,virulent,0.9998726844787598
vOTU_5151,6969,virulent,0.9998735785484314
vOTU_5211,6909,virulent,0.9998740553855896
vOTU_5217,6899,virulent,0.9998735785484314
vOTU_5281,6835,virulent,0.9998740553855896
vOTU_5289,6827,virulent,0.9998722076416016
vOTU_5303,6807,virulent,0.9998735785484314
vOTU_5309,6804,virulent,0.9998735785484314
vOTU_5350,6763,virulent,0.9998735785484314
vOTU_5441,6671,virulent,0.9998735785484314
vOTU_5539,6583,virulent,0.9998735785484314
vOTU_5560,6571,virulent,0.9998735785484314
vOTU_5607,6538,virulent,0.9998740553855896
vOTU_5627,6522,virulent,0.9998735785484314
vOTU_5635,6512,virulent,0.9998735785484314
vOTU_5664,6475,virulent,0.9998740553855896
vOTU_5696,6448,virulent,0.9998735785484314
vOTU_5733,6421,virulent,0.9998746514320374
vOTU_5742,6415,virulent,0.9998746514320374
vOTU_5745,6415,virulent,0.9998746514320374
vOTU_5763,6396,virulent,0.9998740553855896
vOTU_5839,6337,virulent,0.9998740553855896
vOTU_5854,6329,virulent,0.9998735785484314
vOTU_5875,6309,virulent,0.9998735785484314
vOTU_5904,6291,virulent,0.9998746514320374
vOTU_5907,6290,virulent,0.9998740553855896
vOTU_5980,6232,virulent,0.9998746514320374
vOTU_6006,6212,virulent,0.9998735785484314
vOTU_6010,6209,virulent,0.9998740553855896
vOTU_6015,6203,virulent,0.9998722076416016
vOTU_6041,6184,virulent,0.9998735785484314
vOTU_6045,6180,virulent,0.9998735785484314
vOTU_6053,6177,virulent,0.9998735785484314
vOTU_6055,6177,virulent,0.9998735785484314
vOTU_6060,6173,virulent,0.9998746514320374
vOTU_6062,6167,virulent,0.9998746514320374
vOTU_6064,6167,virulent,0.9998740553855896
vOTU_6097,6144,virulent,0.9998746514320374
vOTU_6105,6139,virulent,0.9998735785484314
vOTU_6108,6137,virulent,0.9998698830604553
vOTU_6114,6133,virulent,0.9998746514320374
vOTU_6115,6133,virulent,0.9998746514320374
vOTU_6117,6132,virulent,0.9998740553855896
vOTU_6119,6131,virulent,0.9998740553855896
vOTU_6127,6128,virulent,0.9998735785484314
vOTU_6130,6127,virulent,0.9998740553855896
vOTU_6131,6127,virulent,0.9998740553855896
vOTU_6132,6127,virulent,0.9998735785484314
vOTU_6139,6123,virulent,0.9998717308044434
vOTU_6145,6119,virulent,0.9998746514320374
vOTU_6147,6118,virulent,0.9998735785484314
vOTU_6161,6109,virulent,0.9998740553855896
vOTU_6171,6095,virulent,0.9998726844787598
vOTU_6194,6074,virulent,0.9998735785484314
vOTU_6195,6074,virulent,0.9998735785484314
vOTU_6199,6071,virulent,0.9998746514320374
vOTU_6212,6058,virulent,0.9998746514320374
vOTU_6213,6056,virulent,0.9998735785484314
vOTU_6215,6056,virulent,0.9998735785484314
vOTU_6229,6045,virulent,0.9998740553855896
vOTU_6234,6044,virulent,0.9998118877410889
vOTU_6248,6035,virulent,0.9998735785484314
vOTU_6263,6024,virulent,0.9998746514320374
vOTU_6264,6024,virulent,0.9998735785484314
vOTU_6265,6023,virulent,0.9998740553855896
vOTU_6266,6023,virulent,0.9998740553855896
vOTU_6267,6023,virulent,0.9998740553855896
vOTU_6269,6023,virulent,0.9998735785484314
vOTU_6273,6018,virulent,0.9998735785484314
vOTU_6289,6009,virulent,0.9998735785484314
vOTU_6291,6007,virulent,0.9998735785484314
vOTU_6301,6001,virulent,0.9998735785484314
vOTU_6306,5997,virulent,0.9998735785484314
vOTU_6328,5986,virulent,0.9998735785484314
vOTU_6334,5981,virulent,0.9998735785484314
vOTU_6336,5981,virulent,0.9998735785484314
vOTU_6346,5973,virulent,0.9998735785484314
vOTU_6348,5970,virulent,0.9998735785484314
vOTU_6351,5969,virulent,0.9998735785484314
vOTU_6355,5966,virulent,0.9998735785484314
vOTU_6367,5960,virulent,0.9998735785484314
vOTU_6370,5958,virulent,0.9998740553855896
vOTU_6382,5951,virulent,0.9998735785484314
vOTU_6385,5950,virulent,0.9998746514320374
vOTU_6405,5938,virulent,0.9998735785484314
vOTU_6406,5938,virulent,0.9998735785484314
vOTU_6409,5934,virulent,0.9998746514320374
vOTU_6412,5933,virulent,0.9998735785484314
vOTU_6455,5907,virulent,0.9998735785484314
vOTU_6456,5906,virulent,0.9998735785484314
vOTU_6470,5892,virulent,0.9998735785484314
vOTU_6480,5888,virulent,0.9998746514320374
vOTU_6491,5885,virulent,0.9998746514320374
vOTU_6492,5885,virulent,0.9998746514320374
vOTU_6500,5880,virulent,0.9998746514320374
vOTU_6570,5821,virulent,0.9998746514320374
vOTU_6574,5819,virulent,0.9998746514320374
vOTU_6591,5805,virulent,0.9998735785484314
vOTU_6621,5785,virulent,0.9998735785484314
vOTU_6636,5776,virulent,0.9998735785484314
vOTU_6639,5773,virulent,0.9998740553855896
vOTU_6648,5769,virulent,0.9998735785484314
vOTU_6660,5761,virulent,0.9998735785484314
vOTU_6681,5746,virulent,0.9998740553855896
vOTU_6752,5689,virulent,0.9998735785484314
vOTU_6801,5658,virulent,0.9998740553855896
vOTU_6854,5629,virulent,0.9998735785484314
vOTU_6885,5618,temperate,0.9149346351623535
vOTU_6888,5616,virulent,0.9998740553855896
vOTU_6895,5611,virulent,0.9998735785484314
vOTU_6897,5610,virulent,0.9998726844787598
vOTU_6907,5606,virulent,0.9998735785484314
vOTU_6924,5597,virulent,0.9998722076416016
vOTU_6930,5594,virulent,0.9998740553855896
vOTU_6973,5568,virulent,0.9998740553855896
vOTU_6990,5556,virulent,0.9998735785484314
vOTU_7006,5546,virulent,0.9998740553855896
vOTU_7013,5542,virulent,0.9998735785484314
vOTU_7019,5537,virulent,0.9998726844787598
vOTU_7025,5532,virulent,0.9998735785484314
vOTU_7061,5515,virulent,0.9998735785484314
vOTU_7063,5513,virulent,0.9998735785484314
vOTU_7065,5513,virulent,0.9998735785484314
vOTU_7069,5512,virulent,0.9998735785484314
vOTU_7082,5503,virulent,0.9994707703590393
vOTU_7089,5500,virulent,0.9998735785484314
vOTU_7106,5492,virulent,0.9998703598976135
vOTU_7114,5488,virulent,0.9998735785484314
vOTU_7115,5488,virulent,0.9998735785484314
vOTU_7116,5488,virulent,0.9998735785484314
vOTU_7139,5473,virulent,0.9998735785484314
vOTU_7189,5440,virulent,0.9998735785484314
vOTU_7199,5434,virulent,0.9998735785484314
vOTU_7220,5420,virulent,0.9998712539672852
vOTU_7229,5417,virulent,0.9998740553855896
vOTU_7262,5399,virulent,0.9998717308044434
vOTU_7272,5395,virulent,0.9998735785484314
vOTU_7301,5383,virulent,0.999873161315918
vOTU_7306,5381,virulent,0.9998740553855896
vOTU_7328,5367,virulent,0.9998692870140076
vOTU_7331,5366,virulent,0.9998722076416016
vOTU_7343,5357,virulent,0.9998746514320374
vOTU_7346,5355,virulent,0.9998735785484314
vOTU_7363,5347,virulent,0.9998698830604553
vOTU_7368,5345,virulent,0.9998735785484314
vOTU_7385,5332,virulent,0.9998735785484314
vOTU_7445,5296,virulent,0.9998722076416016
vOTU_7456,5291,virulent,0.9998735785484314
vOTU_7477,5277,virulent,0.9998740553855896
vOTU_7507,5262,virulent,0.9998735785484314
vOTU_7579,5232,virulent,0.9998735785484314
vOTU_7590,5225,virulent,0.9998698830604553
vOTU_7600,5221,virulent,0.9998712539672852
vOTU_7618,5211,virulent,0.9991852045059204
vOTU_7629,5205,virulent,0.9998735785484314
vOTU_7642,5202,virulent,0.9998712539672852
vOTU_7653,5197,virulent,0.9998722076416016
vOTU_7655,5195,virulent,0.9998712539672852
vOTU_7671,5186,virulent,0.9998735785484314
vOTU_7676,5185,virulent,0.9998722076416016
vOTU_7681,5182,virulent,0.9998735785484314
vOTU_7699,5173,virulent,0.9998735785484314
vOTU_7712,5168,virulent,0.9998722076416016
vOTU_7714,5168,virulent,0.9998726844787598
vOTU_7719,5166,virulent,0.9998722076416016
vOTU_7728,5162,virulent,0.9998735785484314
vOTU_7750,5155,virulent,0.9998722076416016
vOTU_7765,5149,virulent,0.9998712539672852
vOTU_7766,5147,virulent,0.9998717308044434
vOTU_7773,5144,virulent,0.9998735785484314
vOTU_7785,5139,virulent,0.9998746514320374
vOTU_7786,5139,virulent,0.9998722076416016
vOTU_7789,5139,virulent,0.9998722076416016
vOTU_7799,5134,virulent,0.9998735785484314
vOTU_7802,5132,virulent,0.9998688101768494
vOTU_7808,5129,virulent,0.9998735785484314
vOTU_7823,5121,virulent,0.9998735785484314
vOTU_7832,5115,virulent,0.9998735785484314
vOTU_7834,5114,virulent,0.9998717308044434
vOTU_7849,5107,virulent,0.9998735785484314
vOTU_7866,5102,virulent,0.9998735785484314
vOTU_7892,5091,virulent,0.9998740553855896
vOTU_7895,5089,virulent,0.9998740553855896
vOTU_7911,5082,virulent,0.9998735785484314
vOTU_7947,5063,virulent,0.9998726844787598
vOTU_7953,5061,virulent,0.9998735785484314
vOTU_7969,5054,virulent,0.9998735785484314
vOTU_7984,5048,virulent,0.9998726844787598
vOTU_7988,5045,virulent,0.9998722076416016
vOTU_7995,5041,virulent,0.9998735785484314
vOTU_7997,5040,virulent,0.9998735785484314
vOTU_7998,5040,virulent,0.9998735785484314
vOTU_8005,5037,virulent,0.9998712539672852
vOTU_8015,5031,virulent,0.9998722076416016
vOTU_8023,5028,virulent,0.9998726844787598
vOTU_8054,5019,virulent,0.9998726844787598
vOTU_8075,5010,virulent,0.9998735785484314
vOTU_8080,5009,virulent,0.9998735785484314
vOTU_8083,5008,virulent,0.9998726844787598
vOTU_8097,5003,virulent,0.9998726844787598
vOTU_8109,4997,virulent,0.9998735785484314
vOTU_8131,4987,virulent,0.9998740553855896
vOTU_8136,4985,virulent,0.9998735785484314
vOTU_8137,4985,virulent,0.9998735785484314
vOTU_8138,4985,virulent,0.9998735785484314
vOTU_8154,4981,virulent,0.9998735785484314
vOTU_8156,4979,virulent,0.9998722076416016
vOTU_8157,4979,virulent,0.9998722076416016
vOTU_8158,4979,virulent,0.9998726844787598
vOTU_8159,4978,virulent,0.9998722076416016
vOTU_8181,4967,virulent,0.9998735785484314
vOTU_8193,4961,virulent,0.9998726844787598
vOTU_8200,4959,virulent,0.9998722076416016
vOTU_8201,4959,virulent,0.9998726844787598
vOTU_8209,4955,virulent,0.9998722076416016
vOTU_8215,4954,virulent,0.9998740553855896
vOTU_8225,4952,virulent,0.9998735785484314
vOTU_8240,4939,virulent,0.9998735785484314
vOTU_8241,4939,virulent,0.9998722076416016
vOTU_8243,4939,virulent,0.9998735785484314
vOTU_8248,4936,virulent,0.9998735785484314
vOTU_8249,4936,virulent,0.9998735785484314
vOTU_8256,4932,virulent,0.9998735785484314
vOTU_8262,4929,virulent,0.9998735785484314
vOTU_8276,4923,virulent,0.9998735785484314
vOTU_8290,4921,virulent,0.9998722076416016
vOTU_8308,4914,virulent,0.9998717308044434
vOTU_8317,4911,virulent,0.9998735785484314
vOTU_8320,4910,virulent,0.9998735785484314
vOTU_8322,4909,virulent,0.9998722076416016
vOTU_8323,4909,virulent,0.9998735785484314
vOTU_8332,4904,virulent,0.9998735785484314
vOTU_8338,4901,virulent,0.9998722076416016
vOTU_8339,4900,virulent,0.9998735785484314
vOTU_8358,4893,virulent,0.9998735785484314
vOTU_8360,4893,virulent,0.9998726844787598
vOTU_8369,4890,virulent,0.9998735785484314
vOTU_8374,4888,virulent,0.9998735785484314
vOTU_8381,4887,virulent,0.9998735785484314
vOTU_8384,4885,virulent,0.9998722076416016
vOTU_8390,4884,virulent,0.9998735785484314
vOTU_8416,4874,virulent,0.9998735785484314
vOTU_8418,4873,virulent,0.9998735785484314
vOTU_8419,4873,temperate,0.9823389053344727
vOTU_8437,4866,virulent,0.9998722076416016
vOTU_8439,4865,virulent,0.9998703598976135
vOTU_8454,4863,virulent,0.9998735785484314
vOTU_8471,4857,virulent,0.9998735785484314
vOTU_8479,4855,virulent,0.9998712539672852
vOTU_8482,4853,virulent,0.9998735785484314
vOTU_8512,4844,virulent,0.9998726844787598
vOTU_8518,4842,virulent,0.9998722076416016
vOTU_8523,4841,virulent,0.9998735785484314
vOTU_8528,4839,virulent,0.9998735785484314
vOTU_8531,4837,virulent,0.9998735785484314
vOTU_8533,4837,virulent,0.9998722076416016
vOTU_8550,4831,virulent,0.9998735785484314
vOTU_8551,4831,virulent,0.9998712539672852
vOTU_8553,4831,virulent,0.9998726844787598
vOTU_8555,4831,virulent,0.9998735785484314
vOTU_8558,4830,virulent,0.9998735785484314
vOTU_8561,4829,virulent,0.9998735785484314
vOTU_8562,4829,virulent,0.9998746514320374
vOTU_8583,4821,virulent,0.9998726844787598
vOTU_8584,4820,virulent,0.9998726844787598
vOTU_8585,4820,virulent,0.9998735785484314
vOTU_8596,4817,virulent,0.9998703598976135
vOTU_8602,4816,virulent,0.9998735785484314
vOTU_8604,4815,virulent,0.9998735785484314
vOTU_8607,4814,virulent,0.9998722076416016
vOTU_8609,4813,virulent,0.9998717308044434
vOTU_8610,4813,virulent,0.9998722076416016
vOTU_8619,4809,virulent,0.9998712539672852
vOTU_8629,4805,virulent,0.9998722076416016
vOTU_8636,4802,virulent,0.9998726844787598
vOTU_8639,4802,virulent,0.9998726844787598
vOTU_8640,4801,virulent,0.9998735785484314
vOTU_8643,4799,virulent,0.9998735785484314
vOTU_8648,4796,virulent,0.9998735785484314
vOTU_8654,4794,virulent,0.9998735785484314
vOTU_8665,4789,virulent,0.9998735785484314
vOTU_8667,4789,virulent,0.9998712539672852
vOTU_8687,4782,virulent,0.9998712539672852
vOTU_8698,4780,virulent,0.9998735785484314
vOTU_8713,4773,virulent,0.9998726844787598
vOTU_8719,4770,virulent,0.9998735785484314
vOTU_8720,4770,virulent,0.9998735785484314
vOTU_8747,4762,virulent,0.9998735785484314
vOTU_8748,4762,virulent,0.9998712539672852
vOTU_8766,4754,virulent,0.9998717308044434
vOTU_8770,4751,virulent,0.9998722076416016
vOTU_8771,4751,virulent,0.9998712539672852
vOTU_8780,4748,virulent,0.9998712539672852
vOTU_8793,4744,virulent,0.9998735785484314
vOTU_8799,4742,virulent,0.9998722076416016
vOTU_8807,4738,virulent,0.9998735785484314
vOTU_8813,4736,virulent,0.9998703598976135
vOTU_8823,4733,virulent,0.9998735785484314
vOTU_8830,4731,virulent,0.9998722076416016
vOTU_8832,4730,virulent,0.9998735785484314
vOTU_8833,4727,virulent,0.9998735785484314
vOTU_8835,4726,virulent,0.9998722076416016
vOTU_8836,4726,virulent,0.9998735785484314
vOTU_8840,4725,virulent,0.9998735785484314
vOTU_8851,4721,virulent,0.9998735785484314
vOTU_8870,4717,virulent,0.9998735785484314
vOTU_8877,4714,virulent,0.9998735785484314
vOTU_8878,4714,virulent,0.9998726844787598
vOTU_8883,4711,virulent,0.9998735785484314
vOTU_8887,4710,virulent,0.9998735785484314
vOTU_8906,4705,virulent,0.9998722076416016
vOTU_8912,4702,virulent,0.9998735785484314
vOTU_8915,4702,virulent,0.9998735785484314
vOTU_8945,4694,virulent,0.9998735785484314
vOTU_8956,4688,virulent,0.9998735785484314
vOTU_8958,4688,virulent,0.9998735785484314
vOTU_8963,4687,virulent,0.9998735785484314
vOTU_8967,4685,virulent,0.9998722076416016
vOTU_9005,4670,virulent,0.9998722076416016
vOTU_9041,4657,virulent,0.9998735785484314
vOTU_9044,4657,virulent,0.9998735785484314
vOTU_9052,4653,virulent,0.9998703598976135
vOTU_9057,4648,virulent,0.9998740553855896
vOTU_9068,4643,virulent,0.9998722076416016
vOTU_9080,4638,virulent,0.9998722076416016
vOTU_9083,4637,virulent,0.9998692870140076
vOTU_9094,4633,virulent,0.9998735785484314
vOTU_9112,4626,virulent,0.9998735785484314
vOTU_9123,4623,virulent,0.9998735785484314
vOTU_9134,4619,virulent,0.9998735785484314
vOTU_9136,4618,virulent,0.9998735785484314
vOTU_9137,4618,virulent,0.9998735785484314
vOTU_9141,4618,virulent,0.9998735785484314
vOTU_9169,4609,virulent,0.9998703598976135
vOTU_9171,4608,virulent,0.9998698830604553
vOTU_9183,4604,virulent,0.9998735785484314
vOTU_9186,4603,virulent,0.9998735785484314
vOTU_9190,4601,virulent,0.9998735785484314
vOTU_9203,4596,virulent,0.9998735785484314
vOTU_9209,4593,virulent,0.9998735785484314
vOTU_9214,4591,virulent,0.9998703598976135
vOTU_9217,4590,virulent,0.9998735785484314
vOTU_9219,4589,virulent,0.9998735785484314
vOTU_9222,4589,virulent,0.9998735785484314
vOTU_9255,4578,virulent,0.9998712539672852
vOTU_9257,4577,virulent,0.9998735785484314
vOTU_9258,4577,virulent,0.9998726844787598
vOTU_9276,4568,virulent,0.9998735785484314
vOTU_9285,4564,virulent,0.9998735785484314
vOTU_9296,4561,virulent,0.9998735785484314
vOTU_9300,4560,virulent,0.9998722076416016
vOTU_9303,4559,virulent,0.9998735785484314
vOTU_9325,4552,virulent,0.9998703598976135
vOTU_9328,4552,virulent,0.9998735785484314
vOTU_9330,4551,virulent,0.9998735785484314
vOTU_9331,4550,virulent,0.9998735785484314
vOTU_9346,4547,virulent,0.9998735785484314
vOTU_9347,4546,virulent,0.9998735785484314
vOTU_9349,4546,virulent,0.9998735785484314
vOTU_9367,4542,virulent,0.9998717308044434
vOTU_9397,4531,virulent,0.9998735785484314
vOTU_9398,4531,virulent,0.9998735785484314
vOTU_9415,4524,virulent,0.9998717308044434
vOTU_9418,4523,virulent,0.9998735785484314
vOTU_9420,4523,virulent,0.9998735785484314
vOTU_9425,4521,virulent,0.9998703598976135
vOTU_9440,4516,virulent,0.9998735785484314
vOTU_9441,4516,virulent,0.9998735785484314
vOTU_9451,4514,virulent,0.9998740553855896
vOTU_9456,4512,virulent,0.9998735785484314
vOTU_9461,4511,virulent,0.9998735785484314
vOTU_9466,4509,virulent,0.9998735785484314
vOTU_9468,4509,virulent,0.9998735785484314
vOTU_9476,4505,virulent,0.9998735785484314
vOTU_9488,4501,virulent,0.9998735785484314
vOTU_9494,4500,virulent,0.9998717308044434
vOTU_9503,4498,virulent,0.9998735785484314
vOTU_9511,4496,virulent,0.9998735785484314
vOTU_9517,4494,virulent,0.9998735785484314
vOTU_9529,4489,virulent,0.9998735785484314
vOTU_9535,4488,virulent,0.9998735785484314
vOTU_9556,4481,virulent,0.9998740553855896
vOTU_9570,4477,virulent,0.9998735785484314
vOTU_9583,4471,virulent,0.9998735785484314
vOTU_9590,4468,virulent,0.9998735785484314
vOTU_9595,4467,virulent,0.9998735785484314
vOTU_9604,4463,virulent,0.9998735785484314
vOTU_9608,4462,virulent,0.9998726844787598
vOTU_9611,4461,virulent,0.9998735785484314
vOTU_9631,4455,virulent,0.9998735785484314
vOTU_9634,4455,virulent,0.9998735785484314
vOTU_9644,4451,virulent,0.9998735785484314
vOTU_9648,4450,virulent,0.9998735785484314
vOTU_9649,4449,virulent,0.9998735785484314
vOTU_9651,4449,virulent,0.9998717308044434
vOTU_9652,4449,virulent,0.9998735785484314
vOTU_9658,4447,virulent,0.9998735785484314
vOTU_9666,4445,virulent,0.9998735785484314
vOTU_9671,4443,virulent,0.9998735785484314
vOTU_9674,4442,virulent,0.9998735785484314
vOTU_9692,4438,virulent,0.9998735785484314
vOTU_9716,4429,virulent,0.9998717308044434
vOTU_9724,4425,virulent,0.9998722076416016
vOTU_9744,4418,virulent,0.9998735785484314
vOTU_9759,4414,virulent,0.9998735785484314
vOTU_9781,4406,virulent,0.9998735785484314
vOTU_9789,4401,virulent,0.9998735785484314
vOTU_9799,4398,virulent,0.9998735785484314
vOTU_9826,4389,virulent,0.9998735785484314
vOTU_9829,4388,virulent,0.9998735785484314
vOTU_9838,4384,virulent,0.9998712539672852
vOTU_9844,4382,virulent,0.9998726844787598
vOTU_9889,4367,virulent,0.9998735785484314
vOTU_9895,4365,virulent,0.9998735785484314
vOTU_9898,4364,virulent,0.9998735785484314
vOTU_9902,4362,virulent,0.9998735785484314
vOTU_9903,4362,virulent,0.9998735785484314
vOTU_9917,4357,virulent,0.9998735785484314
vOTU_9922,4354,virulent,0.9998735785484314
vOTU_9941,4348,virulent,0.9998735785484314
vOTU_9960,4338,virulent,0.9998735785484314
vOTU_9971,4333,virulent,0.9998722076416016
vOTU_9994,4326,virulent,0.9998735785484314
vOTU_9997,4326,virulent,0.9998735785484314
vOTU_10011,4321,virulent,0.9998735785484314
vOTU_10012,4321,virulent,0.9998735785484314
vOTU_10023,4318,virulent,0.9998735785484314
vOTU_10025,4317,virulent,0.9998735785484314
vOTU_10040,4312,virulent,0.9998735785484314
vOTU_10050,4310,virulent,0.9998735785484314
vOTU_10102,4293,virulent,0.9998735785484314
vOTU_10132,4283,virulent,0.9998703598976135
vOTU_10178,4272,virulent,0.9998735785484314
vOTU_10207,4263,virulent,0.9998735785484314
vOTU_10217,4259,virulent,0.9998735785484314
vOTU_10261,4246,virulent,0.9998746514320374
vOTU_10304,4234,virulent,0.9998735785484314
vOTU_10340,4223,virulent,0.9998735785484314
vOTU_10369,4212,virulent,0.9998735785484314
vOTU_10407,4200,virulent,0.9998722076416016
vOTU_10416,4195,virulent,0.9998735785484314
vOTU_10445,4186,virulent,0.9998735785484314
vOTU_10502,4167,virulent,0.9998712539672852
vOTU_10511,4165,virulent,0.9998735785484314
vOTU_10544,4155,virulent,0.9998717308044434
vOTU_10549,4152,virulent,0.9998735785484314
vOTU_10573,4147,virulent,0.9998735785484314
vOTU_10680,4113,virulent,0.9998735785484314
vOTU_10723,4102,virulent,0.9998735785484314
vOTU_10748,4093,virulent,0.9998735785484314
vOTU_10766,4086,virulent,0.9998746514320374
vOTU_10795,4075,virulent,0.9998735785484314
vOTU_10804,4073,virulent,0.9998726844787598
vOTU_10812,4071,virulent,0.9998735785484314
vOTU_10854,4060,virulent,0.9998735785484314
vOTU_10865,4057,virulent,0.9998735785484314
vOTU_10939,4037,virulent,0.9998740553855896
vOTU_10946,4035,virulent,0.9998735785484314
vOTU_11010,4016,virulent,0.9998735785484314
vOTU_11014,4015,virulent,0.9998735785484314
vOTU_11045,4009,virulent,0.9998735785484314
vOTU_11074,4001,virulent,0.9998735785484314
vOTU_11190,3971,virulent,0.9998735785484314
vOTU_11195,3970,virulent,0.9998726844787598
vOTU_11242,3957,virulent,0.9998735785484314
vOTU_11246,3956,virulent,0.9998735785484314
vOTU_11327,3937,virulent,0.9998722076416016
vOTU_11381,3925,virulent,0.9998735785484314
vOTU_11430,3914,virulent,0.9998746514320374
vOTU_11458,3907,virulent,0.9998726844787598
vOTU_11530,3888,virulent,0.9998735785484314
vOTU_11551,3883,virulent,0.9998740553855896
vOTU_11760,3829,virulent,0.9998660683631897
vOTU_11961,3775,virulent,0.9998746514320374
vOTU_12085,3746,virulent,0.9998746514320374
vOTU_12095,3744,virulent,0.9998726844787598
vOTU_12116,3739,virulent,0.9998726844787598
vOTU_12231,3711,virulent,0.9998735785484314
vOTU_12252,3705,virulent,0.9998722076416016
vOTU_12257,3704,virulent,0.9998735785484314
vOTU_12279,3699,virulent,0.9998746514320374
vOTU_12294,3696,virulent,0.9998740553855896
vOTU_12295,3696,virulent,0.9998722076416016
vOTU_12320,3689,virulent,0.9998735785484314
vOTU_12322,3688,virulent,0.9998735785484314
vOTU_12330,3687,virulent,0.9998746514320374
vOTU_12418,3668,virulent,0.9998746514320374
vOTU_12492,3651,virulent,0.9998735785484314
vOTU_12503,3648,virulent,0.9998746514320374
vOTU_12843,3568,virulent,0.9998746514320374
vOTU_12881,3560,virulent,0.9998735785484314
vOTU_12911,3556,virulent,0.9998735785484314
vOTU_12956,3549,virulent,0.9998735785484314
vOTU_12968,3547,virulent,0.9998746514320374
vOTU_12973,3546,virulent,0.9998740553855896
vOTU_13002,3540,virulent,0.9998735785484314
vOTU_13066,3526,virulent,0.9998746514320374
vOTU_13091,3520,virulent,0.9998746514320374
vOTU_13320,3478,virulent,0.9998746514320374
vOTU_13374,3467,virulent,0.9998746514320374
vOTU_13466,3451,virulent,0.9998746514320374
vOTU_13522,3442,virulent,0.9998735785484314
vOTU_13702,3407,virulent,0.9998726844787598
vOTU_13760,3397,virulent,0.9998746514320374
vOTU_13808,3384,virulent,0.9998746514320374
vOTU_13878,3369,virulent,0.9998735785484314
vOTU_13902,3364,temperate,0.9998597502708435
vOTU_14164,3313,virulent,0.9998735785484314
vOTU_14200,3307,virulent,0.9998746514320374
vOTU_14267,3298,virulent,0.9998740553855896
vOTU_14332,3288,virulent,0.9998740553855896
vOTU_14576,3249,virulent,0.9998735785484314
vOTU_14805,3209,virulent,0.9998735785484314
vOTU_14898,3194,virulent,0.9998735785484314
vOTU_15348,3122,virulent,0.9998740553855896
vOTU_16073,3012,virulent,0.9998735785484314
vOTU_16155,3000,virulent,0.9998746514320374
vOTU_16159,2999,virulent,0.9998722076416016
vOTU_16315,2974,virulent,0.9998746514320374
vOTU_16369,2967,virulent,0.9998735785484314
vOTU_16444,2951,virulent,0.9998735785484314
vOTU_16478,2947,virulent,0.9998746514320374
vOTU_16757,2911,virulent,0.9998735785484314
vOTU_16795,2907,virulent,0.9998740553855896
vOTU_16884,2896,virulent,0.9998740553855896
vOTU_17045,2875,virulent,0.9998740553855896
vOTU_17114,2868,virulent,0.9998746514320374
vOTU_17424,2835,virulent,0.9998735785484314
vOTU_17678,2802,virulent,0.9998746514320374
vOTU_17785,2791,virulent,0.9998746514320374
vOTU_17993,2766,virulent,0.9998722076416016
vOTU_18602,2695,virulent,0.9998746514320374
vOTU_19217,2628,virulent,0.9998735785484314
vOTU_19661,2587,virulent,0.9998746514320374
vOTU_19812,2572,virulent,0.9998735785484314
vOTU_19955,2559,virulent,0.9998735785484314
vOTU_19990,2554,virulent,0.9998717308044434
vOTU_20507,2507,virulent,0.9998746514320374
vOTU_20737,2486,virulent,0.9998735785484314
vOTU_20799,2480,virulent,0.9998735785484314
vOTU_21067,2458,virulent,0.9998746514320374
vOTU_21690,2409,virulent,0.9998746514320374
vOTU_21914,2390,virulent,0.9998746514320374
vOTU_22282,2362,virulent,0.9998735785484314
vOTU_22289,2361,virulent,0.9998740553855896
vOTU_22535,2343,virulent,0.9998746514320374
vOTU_22543,2342,virulent,0.9998735785484314
vOTU_22635,2335,virulent,0.9998735785484314
vOTU_23305,2284,virulent,0.9998740553855896
vOTU_24182,2225,virulent,0.9998746514320374
vOTU_24399,2211,virulent,0.9998722076416016
vOTU_2039,14569,unpredicted,0.0
vOTU_3464,9501,unpredicted,0.0
vOTU_3839,8739,unpredicted,0.0
vOTU_3965,8548,unpredicted,0.0
vOTU_4016,8466,unpredicted,0.0
vOTU_4141,8290,unpredicted,0.0
vOTU_4203,8209,unpredicted,0.0
vOTU_4243,8153,unpredicted,0.0
vOTU_5181,6940,unpredicted,0.0
vOTU_5562,6569,unpredicted,0.0
vOTU_5692,6450,unpredicted,0.0
vOTU_5717,6436,unpredicted,0.0
vOTU_5736,6420,unpredicted,0.0
vOTU_5818,6352,unpredicted,0.0
vOTU_5985,6230,unpredicted,0.0
vOTU_6082,6151,unpredicted,0.0
vOTU_6167,6101,unpredicted,0.0
vOTU_6296,6002,unpredicted,0.0
vOTU_6300,6001,unpredicted,0.0
vOTU_6310,5996,unpredicted,0.0
vOTU_6312,5995,unpredicted,0.0
vOTU_6325,5987,unpredicted,0.0
vOTU_6445,5915,unpredicted,0.0
vOTU_6471,5892,unpredicted,0.0
vOTU_6486,5887,unpredicted,0.0
vOTU_6656,5764,unpredicted,0.0
vOTU_6693,5741,unpredicted,0.0
vOTU_6757,5685,unpredicted,0.0
vOTU_6761,5683,unpredicted,0.0
vOTU_6780,5671,unpredicted,0.0
vOTU_6863,5625,unpredicted,0.0
vOTU_6889,5615,unpredicted,0.0
vOTU_6993,5555,unpredicted,0.0
vOTU_7028,5531,unpredicted,0.0
vOTU_7042,5523,unpredicted,0.0
vOTU_7045,5523,unpredicted,0.0
vOTU_7429,5304,unpredicted,0.0
vOTU_8103,5000,unpredicted,0.0
vOTU_8399,4880,unpredicted,0.0
vOTU_9584,4470,unpredicted,0.0
vOTU_9777,4409,unpredicted,0.0
vOTU_9968,4334,unpredicted,0.0
vOTU_10090,4297,unpredicted,0.0
vOTU_10508,4166,unpredicted,0.0
vOTU_10801,4073,unpredicted,0.0
vOTU_10838,4065,unpredicted,0.0
vOTU_10869,4056,unpredicted,0.0
vOTU_10874,4055,unpredicted,0.0
vOTU_10877,4053,unpredicted,0.0
vOTU_10963,4030,unpredicted,0.0
vOTU_11076,4001,unpredicted,0.0
vOTU_11470,3905,unpredicted,0.0
vOTU_11615,3866,unpredicted,0.0
vOTU_11803,3816,unpredicted,0.0
vOTU_11921,3784,unpredicted,0.0
vOTU_12114,3739,unpredicted,0.0
vOTU_12219,3714,unpredicted,0.0
vOTU_12276,3700,unpredicted,0.0
vOTU_13103,3517,unpredicted,0.0
vOTU_13106,3517,unpredicted,0.0
vOTU_13135,3512,unpredicted,0.0
vOTU_13205,3499,unpredicted,0.0
vOTU_13210,3498,unpredicted,0.0
vOTU_13262,3489,unpredicted,0.0
vOTU_13433,3457,unpredicted,0.0
vOTU_13481,3448,unpredicted,0.0
vOTU_13768,3395,unpredicted,0.0
vOTU_13945,3356,unpredicted,0.0
vOTU_14134,3319,unpredicted,0.0
vOTU_14180,3309,unpredicted,0.0
vOTU_14248,3301,unpredicted,0.0
vOTU_14726,3222,unpredicted,0.0
vOTU_14807,3209,unpredicted,0.0
vOTU_14914,3191,unpredicted,0.0
vOTU_15106,3161,unpredicted,0.0
vOTU_15403,3116,unpredicted,0.0
vOTU_15748,3061,unpredicted,0.0
vOTU_15924,3033,unpredicted,0.0
vOTU_16177,2995,unpredicted,0.0
vOTU_16239,2986,unpredicted,0.0
vOTU_16280,2979,unpredicted,0.0
vOTU_16337,2971,unpredicted,0.0
vOTU_16383,2964,unpredicted,0.0
vOTU_16436,2952,unpredicted,0.0
vOTU_16952,2887,unpredicted,0.0
vOTU_17007,2880,unpredicted,0.0
vOTU_17229,2854,unpredicted,0.0
vOTU_17656,2805,unpredicted,0.0
vOTU_17679,2802,unpredicted,0.0
vOTU_17880,2779,unpredicted,0.0
vOTU_18017,2763,unpredicted,0.0
vOTU_18063,2758,unpredicted,0.0
vOTU_18129,2752,unpredicted,0.0
vOTU_18162,2747,unpredicted,0.0
vOTU_18228,2737,unpredicted,0.0
vOTU_18291,2730,unpredicted,0.0
vOTU_18405,2718,unpredicted,0.0
vOTU_18413,2717,unpredicted,0.0
vOTU_18518,2704,unpredicted,0.0
vOTU_18525,2703,unpredicted,0.0
vOTU_18529,2703,unpredicted,0.0
vOTU_18634,2692,unpredicted,0.0
vOTU_18733,2682,unpredicted,0.0
vOTU_18824,2672,unpredicted,0.0
vOTU_18839,2670,unpredicted,0.0
vOTU_18870,2666,unpredicted,0.0
vOTU_18909,2661,unpredicted,0.0
vOTU_19026,2647,unpredicted,0.0
vOTU_19070,2642,unpredicted,0.0
vOTU_19072,2642,unpredicted,0.0
vOTU_19084,2641,unpredicted,0.0
vOTU_19115,2639,unpredicted,0.0
vOTU_19125,2638,unpredicted,0.0
vOTU_19133,2637,unpredicted,0.0
vOTU_19137,2637,unpredicted,0.0
vOTU_19231,2627,unpredicted,0.0
vOTU_19236,2626,unpredicted,0.0
vOTU_19281,2621,unpredicted,0.0
vOTU_19286,2621,unpredicted,0.0
vOTU_19356,2614,unpredicted,0.0
vOTU_19406,2610,unpredicted,0.0
vOTU_19417,2609,unpredicted,0.0
vOTU_19434,2608,unpredicted,0.0
vOTU_19465,2605,unpredicted,0.0
vOTU_19491,2603,unpredicted,0.0
vOTU_19498,2602,unpredicted,0.0
vOTU_19539,2598,unpredicted,0.0
vOTU_19567,2596,unpredicted,0.0
vOTU_19761,2577,unpredicted,0.0
vOTU_19786,2575,unpredicted,0.0
vOTU_19859,2569,unpredicted,0.0
vOTU_19901,2565,unpredicted,0.0
vOTU_19917,2563,unpredicted,0.0
vOTU_19932,2561,unpredicted,0.0
vOTU_19954,2559,unpredicted,0.0
vOTU_19959,2558,unpredicted,0.0
vOTU_19962,2558,unpredicted,0.0
vOTU_19972,2556,unpredicted,0.0
vOTU_19976,2556,unpredicted,0.0
vOTU_19983,2555,unpredicted,0.0
vOTU_20000,2553,unpredicted,0.0
vOTU_20064,2548,unpredicted,0.0
vOTU_20182,2538,unpredicted,0.0
vOTU_20205,2535,unpredicted,0.0
vOTU_20237,2532,unpredicted,0.0
vOTU_20289,2526,unpredicted,0.0
vOTU_20291,2526,unpredicted,0.0
vOTU_20296,2525,unpredicted,0.0
vOTU_20326,2523,unpredicted,0.0
vOTU_20521,2506,unpredicted,0.0
vOTU_20679,2491,unpredicted,0.0
vOTU_20766,2483,unpredicted,0.0
vOTU_20779,2482,unpredicted,0.0
vOTU_20781,2482,unpredicted,0.0
vOTU_20800,2480,unpredicted,0.0
vOTU_21097,2455,unpredicted,0.0
vOTU_21382,2432,unpredicted,0.0
vOTU_21494,2423,unpredicted,0.0
vOTU_21499,2423,unpredicted,0.0
vOTU_21575,2418,unpredicted,0.0
vOTU_21605,2415,unpredicted,0.0
vOTU_21906,2391,unpredicted,0.0
vOTU_22389,2354,unpredicted,0.0
vOTU_22468,2348,unpredicted,0.0
vOTU_22492,2346,unpredicted,0.0
vOTU_22825,2322,unpredicted,0.0
vOTU_22882,2318,unpredicted,0.0
vOTU_23139,2299,unpredicted,0.0
vOTU_23185,2295,unpredicted,0.0
vOTU_23468,2272,unpredicted,0.0
vOTU_24021,2236,unpredicted,0.0
vOTU_24248,2221,unpredicted,0.0
vOTU_25235,2156,filtered,0.0
vOTU_25666,2132,filtered,0.0
vOTU_25932,2116,filtered,0.0
vOTU_26700,2069,filtered,0.0
vOTU_29154,1940,filtered,0.0
vOTU_29645,1919,filtered,0.0
vOTU_31437,1841,filtered,0.0
vOTU_31540,1837,filtered,0.0
